{"cameraMode":{"drawMode":0,"name":"Shaded","section":"Shading Mode"},"sceneLighting":true,"audioPlay":false,"sceneViewState":{"m_AlwaysRefresh":false,"showFog":true,"showSkybox":true,"showFlares":true,"showImageEffects":true,"showParticleSystems":true,"showVisualEffectGraphs":true,"m_FxEnabled":true},"in2DMode":false,"pivot":{"x":-13.590022087097168,"y":3.9822940826416017,"z":-22.30992889404297},"rotation":{"x":-0.16640113294124604,"y":-0.12801097333431245,"z":0.021753687411546708,"w":-0.9774945974349976},"size":5.593942642211914,"orthographic":false}